{"cameraMode":{"drawMode":0,"name":"Shaded","section":"Shading Mode"},"sceneLighting":false,"audioPlay":false,"sceneViewState":{"m_AlwaysRefresh":false,"showFog":true,"showSkybox":false,"showFlares":true,"showImageEffects":true,"showParticleSystems":true,"showVisualEffectGraphs":true,"m_FxEnabled":true},"in2DMode":false,"pivot":{"x":-0.03972679376602173,"y":-0.0376129150390625,"z":-0.2743113040924072},"rotation":{"x":0.016217021271586419,"y":0.9777935147285461,"z":-0.19191470742225648,"w":0.0826248824596405},"size":1.2247449159622193,"orthographic":false}