{"cameraMode":{"drawMode":0,"name":"Shaded","section":"Shading Mode"},"sceneLighting":false,"audioPlay":false,"sceneViewState":{"m_AlwaysRefresh":false,"showFog":true,"showSkybox":false,"showFlares":true,"showImageEffects":true,"showParticleSystems":true,"showVisualEffectGraphs":true,"m_FxEnabled":true},"in2DMode":false,"pivot":{"x":-0.159770205616951,"y":-1.4082220792770386,"z":-1.4633811712265015},"rotation":{"x":0.0021609514951705934,"y":0.9394230246543884,"z":-0.3427130877971649,"w":0.005918747279793024},"size":2.1073949337005617,"orthographic":false}